Milk (regular)  (1 liter),180.05 ¥
Loaf of Fresh White Bread (500g),180.65 ¥
Rice (white)  (1kg),570.59 ¥
Eggs (regular) (12),221.94 ¥
Local Cheese (1kg),"1,180.00 ¥"
Chicken Breasts (Boneless  Skinless)  (1kg),813.12 ¥
Beef Round (1kg) (or Equivalent Back Leg Red Meat),"2,446.67 ¥"
Apples (1kg),867.22 ¥
Banana (1kg),382.00 ¥
Oranges (1kg),636.36 ¥
Tomato (1kg),742.86 ¥
Potato (1kg),431.82 ¥
Onion (1kg),363.17 ¥
Lettuce (1 head),215.23 ¥
Water (1.5 liter bottle),129.94 ¥
Bottle of Wine (Mid-Range),"1,500.00 ¥"
Domestic Beer (0.5 liter bottle),250.73 ¥
Imported Beer (0.33 liter bottle),390.00 ¥
Cigarettes 20 Pack (Marlboro),450.00 ¥
